,Cliente_ID,Histórico_Reclamações,Idade,Score_Fidelidade
count,3000.0,3000.0,3000.0,3000.0
mean,535820.6786666666,2.5376666666666665,44.136,5.5056666666666665
std,258670.79998483724,1.7213082784959708,15.203109841398126,2.8698513151519274
min,100042.0,0.0,18.0,1.0
25%,311342.25,1.0,31.0,3.0
50%,530498.5,3.0,44.0,6.0
75%,759639.0,4.0,57.0,8.0
max,999816.0,5.0,70.0,10.0
